Trial,Average Fitness,Average Distance,Best Fitness,Best Distance,Best Route,Worst Fitness,Worst Distance,Worst Route
1,1.4738901625255379E-6,684336.97915744,1.8792113818832976E-6,532138.1137005596,F-D-H-L-J-K-I-M-G-A-B-C-E-F,1.1879533491067022E-6,841783.8972817946,L-I-C-F-E-G-H-J-M-K-B-D-A-L
1,1.7517076080533721E-6,572745.023732033,1.96154892824907E-6,509801.20128465333,F-E-H-L-J-K-I-M-G-A-B-C-D-F,1.4847581417626632E-6,673510.366350191,H-A-M-I-J-K-B-F-E-C-L-D-G-H
2,1.8162200751024873E-6,553722.1307947132,2.117386646885937E-6,472280.2996187355,A-M-H-L-B-F-I-E-C-J-K-D-G-A,1.5063413734068305E-6,663860.1432943059,A-H-L-B-J-K-I-M-F-E-C-D-G-A
3,1.8664671859445672E-6,539099.4134631925,2.2242182928935055E-6,449596.15843240416,M-G-H-L-B-F-I-E-C-J-K-D-A-M,1.4577212406664983E-6,686002.2150344608,J-M-H-L-B-F-I-E-K-G-A-C-D-J
4,1.952462880484843E-6,514193.5225734215,2.235499134308899E-6,447327.3930876061,M-G-H-L-A-F-I-E-C-J-K-D-B-M,1.482588000349535E-6,674496.2186151783,G-L-M-H-B-F-I-E-C-A-J-K-D-G
5,2.159108824178456E-6,466090.09233090386,2.235499134308899E-6,447327.3930876061,M-G-H-L-A-F-I-E-C-J-K-D-B-M,1.6468283160608685E-6,607227.8392637493,M-G-H-L-A-F-I-E-C-B-J-K-D-M
6,2.166598785866116E-6,464045.0117815356,2.235499134308899E-6,447327.3930876061,M-G-H-L-A-F-I-E-C-J-K-D-B-M,1.6468283160608685E-6,607227.8392637493,M-G-H-L-A-F-I-E-C-B-J-K-D-M
7,2.156763498989706E-6,465869.7585235635,2.235499134308899E-6,447327.3930876061,M-G-H-L-A-F-I-E-C-J-K-D-B-M,1.6468283160608685E-6,607227.8392637493,M-G-H-L-A-F-I-E-C-B-J-K-D-M
8,1.8605098262887598E-6,538817.5565185773,2.235499134308899E-6,447327.3930876061,M-G-H-L-A-F-I-E-C-J-K-D-B-M,1.593540022596102E-6,627533.6582829333,M-G-H-L-A-K-F-I-E-C-J-B-D-M
9,1.85068416110778E-6,541725.6977925812,2.235499134308899E-6,447327.3930876061,M-G-H-L-A-F-I-E-C-J-K-D-B-M,1.593540022596102E-6,627533.6582829333,M-G-H-L-A-K-F-I-E-C-J-B-D-M
10,1.749195214974587E-6,579857.9055831836,2.235499134308899E-6,447327.3930876061,M-G-H-L-A-F-I-E-C-J-K-D-B-M,1.3944424974599635E-6,717132.4753953947,M-G-H-L-A-F-K-E-C-I-J-B-D-M
1001,2.0519235323717543E-6,489970.52638930996,2.8428810216315003E-6,351755.8393724512,B-M-A-F-I-E-H-L-J-C-K-D-G-B,1.7158715246718898E-6,582794.2160128922,D-M-A-F-I-E-H-L-J-G-C-K-B-D
2001,2.0514159929378187E-6,489186.7819477322,2.9291505937987627E-6,341395.89890566806,A-B-M-G-I-E-H-L-J-C-K-D-F-A,1.8206105581668504E-6,549266.286254479,F-B-G-I-E-H-L-J-M-C-K-D-A-F
3001,2.54304377306787E-6,393269.1434141515,2.9291505937987627E-6,341395.89890566806,A-B-M-G-I-E-H-L-J-C-K-D-F-A,2.5411035377878013E-6,393529.8129845453,F-B-M-G-I-E-H-L-J-C-K-D-A-F
4001,1.8438093873270412E-6,550187.2761272029,2.9291505937987627E-6,341395.89890566806,A-B-M-G-I-E-H-L-J-C-K-D-F-A,1.7269285849813974E-6,579062.7410401988,D-B-M-G-I-E-H-L-J-F-K-C-A-D
5001,2.4076721656873816E-6,433246.8348054361,3.1619345951803325E-6,316262.0762378444,I-A-B-M-G-E-H-L-J-C-K-D-F-I,1.7269300993778323E-6,579062.2332428358,I-A-J-M-G-E-H-L-B-C-K-D-F-I
6001,3.1619345951803325E-6,316262.07623784395,3.1619345951803325E-6,316262.0762378444,I-A-B-M-G-E-H-L-J-C-K-D-F-I,3.1619345951803325E-6,316262.0762378444,I-A-B-M-G-E-H-L-J-C-K-D-F-I
7001,2.2979041969091328E-6,443953.3376160334,3.1619345951803325E-6,316262.0762378444,I-A-B-M-G-E-H-L-J-C-K-D-F-I,2.009321050614544E-6,497680.54721476865,L-A-B-M-G-E-H-I-J-C-K-D-F-L
8001,3.1619345951803325E-6,316262.07623784395,3.1619345951803325E-6,316262.0762378444,I-A-B-M-G-E-H-L-J-C-K-D-F-I,3.1619345951803325E-6,316262.0762378444,I-A-B-M-G-E-H-L-J-C-K-D-F-I
9001,1.8872778081111422E-6,547122.491435425,3.1619345951803325E-6,316262.0762378444,I-A-B-M-G-E-H-L-J-C-K-D-F-I,1.6457422304681912E-6,607628.5711617874,I-K-B-M-G-E-H-L-J-D-A-C-F-I
10001,2.2723339767781737E-6,443185.0532837173,3.1619345951803325E-6,316262.0762378444,I-A-B-M-G-E-H-L-J-C-K-D-F-I,2.1850967580132463E-6,457645.63803995075,K-A-B-M-G-E-H-L-J-C-I-D-F-K
11001,3.1257627966786868E-6,319922.12151896197,3.1619345951803325E-6,316262.0762378444,I-A-B-M-G-E-H-L-J-C-K-D-F-I,3.1255810288470295E-6,319940.513706305,F-A-B-M-G-E-H-L-J-C-K-D-I-F
12001,3.1619345951803325E-6,316262.07623784395,3.1619345951803325E-6,316262.0762378444,I-A-B-M-G-E-H-L-J-C-K-D-F-I,3.1619345951803325E-6,316262.0762378444,I-A-B-M-G-E-H-L-J-C-K-D-F-I
13001,3.1619345951803325E-6,316262.07623784395,3.1619345951803325E-6,316262.0762378444,I-A-B-M-G-E-H-L-J-C-K-D-F-I,3.1619345951803325E-6,316262.0762378444,I-A-B-M-G-E-H-L-J-C-K-D-F-I
14001,2.784686912884124E-6,359504.971463966,3.1619345951803325E-6,316262.0762378444,I-A-B-M-G-E-H-L-J-C-K-D-F-I,2.756850343663704E-6,362732.78391711845,A-F-B-M-G-E-H-L-J-C-K-D-I-A
15001,2.2465931166131335E-6,448446.37717889907,3.1619345951803325E-6,316262.0762378444,I-A-B-M-G-E-H-L-J-C-K-D-F-I,1.8499717284140342E-6,540548.8011740006,I-A-B-M-G-E-H-L-J-F-C-D-K-I
16001,3.1257627966786868E-6,319922.12151896197,3.1619345951803325E-6,316262.0762378444,I-A-B-M-G-E-H-L-J-C-K-D-F-I,3.1255810288470295E-6,319940.513706305,F-A-B-M-G-E-K-L-J-C-H-D-I-F
17001,2.4726534576956475E-6,413527.4066511661,3.1619345951803325E-6,316262.0762378444,I-A-B-M-G-E-H-L-J-C-K-D-F-I,1.7368077192635653E-6,575768.9748316044,F-A-J-M-G-E-H-L-C-K-B-D-I-F
18001,3.1619345951803325E-6,316262.07623784395,3.1619345951803325E-6,316262.0762378444,I-A-B-M-G-E-H-L-J-C-K-D-F-I,3.1619345951803325E-6,316262.0762378444,I-A-B-M-G-E-H-L-J-C-K-D-F-I
19001,3.1257627966786868E-6,319922.12151896197,3.1619345951803325E-6,316262.0762378444,I-A-B-M-G-E-H-L-J-C-K-D-F-I,3.1255810288470295E-6,319940.513706305,F-A-B-M-G-E-H-L-J-C-K-D-I-F
20001,1.8993553980396682E-6,538921.7166139786,3.1619345951803325E-6,316262.0762378444,I-A-B-M-G-E-H-L-J-C-K-D-F-I,1.5572526034804668E-6,642156.5761168068,M-H-I-G-E-B-L-J-A-C-K-D-F-M
21001,2.775468645754541E-6,360574.77821923635,3.1619345951803325E-6,316262.0762378444,I-A-B-M-G-E-H-L-J-C-K-D-F-I,2.756850343663704E-6,362732.78391711845,A-F-B-M-G-E-H-L-J-C-K-D-I-A
22001,2.6207129577985853E-6,382307.51797364035,3.1619345951803325E-6,316262.0762378444,I-A-B-M-G-E-H-L-J-C-K-D-F-I,2.5829675482075914E-6,387151.59262993216,A-B-F-M-G-E-H-L-J-C-K-D-I-A
23001,2.8396049635738057E-6,352471.0273448867,3.1619345951803325E-6,316262.0762378444,I-A-B-M-G-E-H-L-J-C-K-D-F-I,2.815343593452877E-6,355196.43226692284,A-I-B-M-G-E-H-L-J-C-K-D-F-A
24001,3.1619345951803325E-6,316262.07623784395,3.1619345951803325E-6,316262.0762378444,I-A-B-M-G-E-H-L-J-C-K-D-F-I,3.1619345951803325E-6,316262.0762378444,I-A-B-M-G-E-H-L-J-C-K-D-F-I
25001,2.1944950110037474E-6,457762.1519851943,3.1619345951803325E-6,316262.0762378444,I-A-B-M-G-E-H-L-J-C-K-D-F-I,1.8658643957849123E-6,535944.6282693713,A-B-I-M-G-E-H-L-J-F-C-K-D-A
26001,2.554479575088865E-6,391902.39350211347,3.1619345951803325E-6,316262.0762378444,I-A-B-M-G-E-H-L-J-C-K-D-F-I,2.123617015310285E-6,470894.7012528474,I-A-B-M-G-E-H-L-J-F-C-K-D-I
27001,1.9390559740726237E-6,533397.5410317088,3.1619345951803325E-6,316262.0762378444,I-A-B-M-G-E-H-L-J-C-K-D-F-I,1.6880248098001265E-6,592408.354542139,G-A-B-J-I-E-H-L-M-C-K-D-F-G
28001,2.7773122991804586E-6,360360.81686818233,3.1619345951803325E-6,316262.0762378444,I-A-B-M-G-E-H-L-J-C-K-D-F-I,2.756850343663704E-6,362732.78391711845,A-F-B-M-G-E-H-L-J-C-K-D-I-A
29001,3.1257627966786868E-6,319922.12151896197,3.1619345951803325E-6,316262.0762378444,I-A-B-M-G-E-H-L-J-C-K-D-F-I,3.1255810288470295E-6,319940.513706305,F-A-B-M-G-E-H-L-J-C-K-D-I-F
30001,2.939364073768866E-6,340380.88686827867,3.1619345951803325E-6,316262.0762378444,I-A-B-M-G-E-H-L-J-C-K-D-F-I,2.9149610029602256E-6,343057.762688582,F-B-A-M-G-E-H-L-J-C-K-D-I-F
31001,2.905465801981318E-6,344937.8671823662,3.1619345951803325E-6,316262.0762378444,I-A-B-M-G-E-H-L-J-C-K-D-F-I,2.792735370749455E-6,358071.87837193516,F-A-B-M-G-E-L-H-J-C-K-D-I-F
32001,2.3231324533527584E-6,434215.1398800441,3.1619345951803325E-6,316262.0762378444,I-A-B-M-G-E-H-L-J-C-K-D-F-I,1.951430858960858E-6,512444.49446315644,A-F-B-M-G-I-E-H-L-C-K-D-J-A
33001,3.1619345951803325E-6,316262.07623784395,3.1619345951803325E-6,316262.0762378444,I-A-B-M-G-E-H-L-J-C-K-D-F-I,3.1619345951803325E-6,316262.0762378444,I-A-B-M-G-E-H-L-J-C-K-D-F-I
34001,2.892623681755371E-6,346120.41118531674,3.1619345951803325E-6,316262.0762378444,I-A-B-M-G-E-H-L-J-C-K-D-F-I,2.6620609685770515E-6,375648.7968547651,A-B-I-M-G-E-H-L-J-C-K-D-F-A
35001,2.580022338287537E-6,390185.1052171581,3.1619345951803325E-6,316262.0762378444,I-A-B-M-G-E-H-L-J-C-K-D-F-I,2.429931469709283E-6,411534.2397370738,A-I-B-G-E-M-H-L-J-C-K-D-F-A
36001,3.1619345951803325E-6,316262.07623784395,3.1619345951803325E-6,316262.0762378444,I-A-B-M-G-E-H-L-J-C-K-D-F-I,3.1619345951803325E-6,316262.0762378444,I-A-B-M-G-E-H-L-J-C-K-D-F-I
37001,2.8309401885306187E-6,353444.3862456136,3.1619345951803325E-6,316262.0762378444,I-A-B-M-G-E-H-L-J-C-K-D-F-I,2.815343593452877E-6,355196.43226692284,A-I-B-M-G-E-H-L-J-C-K-D-F-A
38001,2.855909609758101E-6,350677.97163637495,3.1619345951803325E-6,316262.0762378444,I-A-B-M-G-E-H-L-J-C-K-D-F-I,2.8121917546977907E-6,355594.5281218791,I-A-B-M-G-E-H-L-J-C-K-F-D-I
39001,2.6972181492840155E-6,371359.9089914416,3.1619345951803325E-6,316262.0762378444,I-A-B-M-G-E-H-L-J-C-K-D-F-I,2.6620609685770515E-6,375648.7968547651,A-B-I-M-G-E-H-L-J-C-K-D-F-A
40001,1.8797453718155838E-6,549555.5903421383,3.1619345951803325E-6,316262.0762378444,I-A-B-M-G-E-H-L-J-C-K-D-F-I,1.682817723309931E-6,594241.4238620579,A-J-B-M-G-E-H-L-F-C-K-D-I-A
41001,2.1398301764732327E-6,475344.01345022215,3.1619345951803325E-6,316262.0762378444,I-A-B-M-G-E-H-L-J-C-K-D-F-I,1.94700943557662E-6,513608.1940475256,A-B-F-M-G-C-H-L-J-E-K-D-I-A
42001,3.1257627966786868E-6,319922.12151896197,3.1619345951803325E-6,316262.0762378444,I-A-B-M-G-E-H-L-J-C-K-D-F-I,3.1255810288470295E-6,319940.513706305,F-A-B-M-G-E-H-L-J-C-K-D-I-F
43001,2.7142028319067708E-6,372008.471058918,3.1619345951803325E-6,316262.0762378444,I-A-B-M-G-E-H-L-J-C-K-D-F-I,2.5400849239670635E-6,393687.6246004469,I-A-B-M-G-E-H-L-D-C-J-K-F-I
44001,3.1619345951803325E-6,316262.07623784395,3.1619345951803325E-6,316262.0762378444,I-A-B-M-G-E-H-L-J-C-K-D-F-I,3.1619345951803325E-6,316262.0762378444,I-A-B-M-G-E-H-L-J-C-K-D-F-I
45001,2.01835286426714E-6,506714.6653634581,3.1619345951803325E-6,316262.0762378444,I-A-B-M-G-E-H-L-J-C-K-D-F-I,1.618327109144581E-6,617922.0470011049,I-G-B-M-E-A-H-L-J-F-C-D-K-I
46001,3.1257627966786868E-6,319922.12151896197,3.1619345951803325E-6,316262.0762378444,I-A-B-M-G-E-H-L-J-C-K-D-F-I,3.1255810288470295E-6,319940.513706305,F-A-B-M-G-E-H-L-J-C-K-D-I-F
47001,2.4461963728795094E-6,412819.25316839345,3.1619345951803325E-6,316262.0762378444,I-A-B-M-G-E-H-L-J-C-K-D-F-I,2.2576892663254184E-6,442930.749999793,I-A-B-M-G-E-H-L-J-D-C-K-F-I
48001,3.1619345951803325E-6,316262.07623784395,3.1619345951803325E-6,316262.0762378444,I-A-B-M-G-E-H-L-J-C-K-D-F-I,3.1619345951803325E-6,316262.0762378444,I-A-B-M-G-E-H-L-J-C-K-D-F-I
49001,3.1619345951803325E-6,316262.07623784395,3.1619345951803325E-6,316262.0762378444,I-A-B-M-G-E-H-L-J-C-K-D-F-I,3.1619345951803325E-6,316262.0762378444,I-A-B-M-G-E-H-L-J-C-K-D-F-I
50001,3.1619345951803325E-6,316262.07623784395,3.1619345951803325E-6,316262.0762378444,I-A-B-M-G-E-H-L-J-C-K-D-F-I,3.1619345951803325E-6,316262.0762378444,I-A-B-M-G-E-H-L-J-C-K-D-F-I
51001,2.9174688499486125E-6,342908.4908345184,3.1619345951803325E-6,316262.0762378444,I-A-B-M-G-E-H-L-J-C-K-D-F-I,2.897542216411236E-6,345120.0794715442,F-M-B-A-G-E-H-L-J-C-K-D-I-F
52001,3.0208987521028826E-6,331155.5757792274,3.1619345951803325E-6,316262.0762378444,I-A-B-M-G-E-H-L-J-C-K-D-F-I,2.985797386281069E-6,334918.9079589691,F-A-M-G-B-E-H-L-J-C-K-D-I-F
53001,1.861989857258807E-6,544672.0223314018,3.1619345951803325E-6,316262.0762378444,I-A-B-M-G-E-H-L-J-C-K-D-F-I,1.4918204092952266E-6,670321.9729192639,L-C-E-B-H-G-F-I-J-M-A-K-D-L
54001,1.8147435531137E-6,565577.8508888194,3.1619345951803325E-6,316262.0762378444,I-A-B-M-G-E-H-L-J-C-K-D-F-I,1.5949067673723223E-6,626995.8974765297,B-D-M-F-G-E-H-L-C-J-A-K-I-B
55001,2.9373947128348453E-6,341428.77691716066,3.1619345951803325E-6,316262.0762378444,I-A-B-M-G-E-H-L-J-C-K-D-F-I,2.8217226522326296E-6,354393.4409034746,I-A-B-M-G-E-L-H-J-C-K-D-F-I
56001,3.1257627966786868E-6,319922.12151896197,3.1619345951803325E-6,316262.0762378444,I-A-B-M-G-E-H-L-J-C-K-D-F-I,3.1255810288470295E-6,319940.513706305,F-A-B-M-G-E-H-L-J-C-K-D-I-F
57001,1.947979474750221E-6,521395.43586206064,3.1619345951803325E-6,316262.0762378444,I-A-B-M-G-E-H-L-J-C-K-D-F-I,1.612222484984957E-6,620261.7872615333,B-A-I-F-G-E-H-J-M-C-K-L-D-B
58001,1.6493915046489189E-6,637304.9527143604,3.1619345951803325E-6,316262.0762378444,I-A-B-M-G-E-H-L-J-C-K-D-F-I,1.3111010643345269E-6,762717.7089567601,J-A-K-B-G-F-L-H-E-C-M-D-I-J
59001,3.1257627966786868E-6,319922.12151896197,3.1619345951803325E-6,316262.0762378444,I-A-B-M-G-E-H-L-J-C-K-D-F-I,3.1255810288470295E-6,319940.513706305,F-A-B-M-G-E-H-L-J-C-K-D-I-F
60001,3.1619345951803325E-6,316262.07623784395,3.1619345951803325E-6,316262.0762378444,I-A-B-M-G-E-H-L-J-C-K-D-F-I,3.1619345951803325E-6,316262.0762378444,I-A-B-M-G-E-H-L-J-C-K-D-F-I
61001,2.0676094787928396E-6,504146.4516178444,3.1619345951803325E-6,316262.0762378444,I-A-B-M-G-E-H-L-J-C-K-D-F-I,1.761898155416214E-6,567569.6957431512,J-A-B-M-G-E-H-L-I-C-K-D-F-J
62001,3.1619345951803325E-6,316262.07623784395,3.1619345951803325E-6,316262.0762378444,I-A-B-M-G-E-H-L-J-C-K-D-F-I,3.1619345951803325E-6,316262.0762378444,I-A-B-M-G-E-H-L-J-C-K-D-F-I
63001,2.203175793189098E-6,461223.03387623833,3.1619345951803325E-6,316262.0762378444,I-A-B-M-G-E-H-L-J-C-K-D-F-I,1.7134124614195487E-6,583630.6333219428,I-A-B-M-G-E-H-K-F-L-J-D-C-I
64001,2.096848483430774E-6,496232.9197374193,3.1619345951803325E-6,316262.0762378444,I-A-B-M-G-E-H-L-J-C-K-D-F-I,1.7949546021824346E-6,557117.1542634717,I-A-B-M-G-E-H-L-F-C-K-D-J-I
65001,3.1619345951803325E-6,316262.07623784395,3.1619345951803325E-6,316262.0762378444,I-A-B-M-G-E-H-L-J-C-K-D-F-I,3.1619345951803325E-6,316262.0762378444,I-A-B-M-G-E-H-L-J-C-K-D-F-I
66001,2.789727426126139E-6,358955.43666579353,3.1619345951803325E-6,316262.0762378444,I-A-B-M-G-E-H-L-J-C-K-D-F-I,2.5829675482075914E-6,387151.59262993216,A-B-F-M-G-E-H-L-J-C-K-D-I-A
67001,2.709449026848577E-6,371814.4259602218,3.1619345951803325E-6,316262.0762378444,I-A-B-M-G-E-H-L-J-C-K-D-F-I,2.5667705995448627E-6,389594.61362745817,F-A-B-M-G-E-C-L-J-H-D-K-I-F
68001,2.561534240005051E-6,390974.9695054514,3.1619345951803325E-6,316262.0762378444,I-A-B-M-G-E-H-L-J-C-K-D-F-I,1.9676627532656936E-6,508217.1720434909,A-F-B-M-G-E-H-L-J-I-C-K-D-A
69001,2.7846074352950995E-6,361898.1303896172,3.1619345951803325E-6,316262.0762378444,I-A-B-M-G-E-H-L-J-C-K-D-F-I,2.295464908471711E-6,435641.59761683585,I-A-B-M-G-J-H-L-E-C-K-D-F-I
70001,3.1257627966786868E-6,319922.12151896197,3.1619345951803325E-6,316262.0762378444,I-A-B-M-G-E-H-L-J-C-K-D-F-I,3.1255810288470295E-6,319940.513706305,F-A-B-M-G-E-H-L-J-C-K-D-I-F
71001,3.0214923663522855E-6,331091.264915229,3.1619345951803325E-6,316262.0762378444,I-A-B-M-G-E-H-L-J-C-K-D-F-I,2.985797386281069E-6,334918.9079589691,F-A-M-G-B-E-H-L-J-C-K-D-I-F
72001,2.319892700405509E-6,437848.18902506045,3.1619345951803325E-6,316262.0762378444,I-A-B-M-G-E-H-L-J-C-K-D-F-I,1.870284710375508E-6,534677.9527482872,F-A-B-M-G-E-H-L-J-I-K-D-C-F
73001,3.1257627966786868E-6,319922.12151896197,3.1619345951803325E-6,316262.0762378444,I-A-B-M-G-E-H-L-J-C-K-D-F-I,3.1255810288470295E-6,319940.513706305,F-A-B-M-G-E-H-L-J-C-K-D-I-F
74001,2.7185098051620973E-6,369316.1985225541,3.1619345951803325E-6,316262.0762378444,I-A-B-M-G-E-H-L-J-C-K-D-F-I,2.6433091097788977E-6,378313.6812491998,B-I-A-M-G-E-H-L-J-C-K-D-F-B
75001,2.8984418898631383E-6,345486.5343074564,3.1619345951803325E-6,316262.0762378444,I-A-B-M-G-E-H-L-J-C-K-D-F-I,2.844937934013002E-6,351501.51714889036,F-A-B-M-G-E-H-L-J-C-K-I-D-F
76001,2.2945843307270416E-6,437221.0473236968,3.1619345951803325E-6,316262.0762378444,I-A-B-M-G-E-H-L-J-C-K-D-F-I,2.1925821273570786E-6,456083.25796461373,F-A-B-M-G-E-H-L-J-I-C-K-D-F
77001,2.3329500140659323E-6,432488.3802753757,3.1619345951803325E-6,316262.0762378444,I-A-B-M-G-E-H-L-J-C-K-D-F-I,2.1860851543777643E-6,457438.7223651563,F-A-M-B-G-E-H-L-J-I-C-K-D-F
78001,1.69170641653985E-6,616539.6349012146,3.1619345951803325E-6,316262.0762378444,I-A-B-M-G-E-H-L-J-C-K-D-F-I,1.4087693770712098E-6,709839.3933568961,I-A-C-G-E-H-L-K-M-J-B-D-F-I
79001,2.234345442044727E-6,461664.13813338464,3.1619345951803325E-6,316262.0762378444,I-A-B-M-G-E-H-L-J-C-K-D-F-I,1.6538215487019823E-6,604660.1586397635,F-B-J-M-G-E-H-L-A-C-K-D-I-F
80001,3.1257627966786868E-6,319922.12151896197,3.1619345951803325E-6,316262.0762378444,I-A-B-M-G-E-H-L-J-C-K-D-F-I,3.1255810288470295E-6,319940.513706305,F-A-B-M-G-E-H-L-J-C-K-D-I-F
81001,2.7150023181607355E-6,370225.6735879488,3.1619345951803325E-6,316262.0762378444,I-A-B-M-G-E-H-L-J-C-K-D-F-I,2.60784462926916E-6,383458.42723009415,I-A-E-M-G-B-H-L-J-C-K-D-F-I
82001,3.1257627966786868E-6,319922.12151896197,3.1619345951803325E-6,316262.0762378444,I-A-B-M-G-E-H-L-J-C-K-D-F-I,3.1255810288470295E-6,319940.513706305,F-A-B-M-G-E-H-L-J-C-K-D-I-F
83001,3.1619345951803325E-6,316262.07623784395,3.1619345951803325E-6,316262.0762378444,I-A-B-M-G-E-H-L-J-C-K-D-F-I,3.1619345951803325E-6,316262.0762378444,I-A-B-M-G-E-H-L-J-C-K-D-F-I
84001,3.1257627966786868E-6,319922.12151896197,3.1619345951803325E-6,316262.0762378444,I-A-B-M-G-E-H-L-J-C-K-D-F-I,3.1255810288470295E-6,319940.513706305,F-A-B-M-G-E-H-L-J-C-K-D-I-F
85001,2.852412181353275E-6,351071.2961552156,3.1619345951803325E-6,316262.0762378444,I-A-B-M-G-E-H-L-J-C-K-D-F-I,2.8121917546977907E-6,355594.5281218791,I-A-B-M-G-E-H-L-J-C-K-F-D-I
86001,3.1257627966786868E-6,319922.12151896197,3.1619345951803325E-6,316262.0762378444,I-A-B-M-G-E-H-L-J-C-K-D-F-I,3.1255810288470295E-6,319940.513706305,F-A-B-M-G-E-H-L-J-C-K-D-I-F
87001,2.37445633786753E-6,426232.82787693175,3.1619345951803325E-6,316262.0762378444,I-A-B-M-G-E-H-L-J-C-K-D-F-I,2.1516360195169656E-6,464762.6229200682,B-A-I-M-G-E-L-J-H-C-K-D-F-B
88001,3.1257627966786868E-6,319922.12151896197,3.1619345951803325E-6,316262.0762378444,I-A-B-M-G-E-H-L-J-C-K-D-F-I,3.1255810288470295E-6,319940.513706305,F-A-B-M-G-E-H-L-J-C-K-D-I-F
89001,2.7094985340506683E-6,369373.48769769364,3.1619345951803325E-6,316262.0762378444,I-A-B-M-G-E-H-L-J-C-K-D-F-I,2.330206955621996E-6,429146.4316451981,I-A-B-M-G-E-H-L-J-C-F-K-D-I
90001,3.1257627966786868E-6,319922.12151896197,3.1619345951803325E-6,316262.0762378444,I-A-B-M-G-E-H-L-J-C-K-D-F-I,3.1255810288470295E-6,319940.513706305,F-A-B-M-G-E-H-L-J-C-K-D-I-F
91001,2.034296284103531E-6,510956.72757512034,3.1619345951803325E-6,316262.0762378444,I-A-B-M-G-E-H-L-J-C-K-D-F-I,1.7739795954239045E-6,563704.3416844055,I-J-B-M-G-E-H-L-A-C-K-D-F-I
92001,3.1619345951803325E-6,316262.07623784395,3.1619345951803325E-6,316262.0762378444,I-A-B-M-G-E-H-L-J-C-K-D-F-I,3.1619345951803325E-6,316262.0762378444,I-A-B-M-G-E-H-L-J-C-K-D-F-I
93001,2.266743696530806E-6,443980.22235127375,3.1619345951803325E-6,316262.0762378444,I-A-B-M-G-E-H-L-J-C-K-D-F-I,2.1850967580132463E-6,457645.63803995075,K-A-B-M-G-E-H-L-J-C-I-D-F-K
94001,1.8786359005580288E-6,543628.0179292388,3.1619345951803325E-6,316262.0762378444,I-A-B-M-G-E-H-L-J-C-K-D-F-I,1.5385052086367202E-6,649981.5498747039,F-B-H-G-E-M-L-J-I-C-K-A-D-F
95001,3.1619345951803325E-6,316262.07623784395,3.1619345951803325E-6,316262.0762378444,I-A-B-M-G-E-H-L-J-C-K-D-F-I,3.1619345951803325E-6,316262.0762378444,I-A-B-M-G-E-H-L-J-C-K-D-F-I
96001,2.1049023669613183E-6,498267.5317878478,3.1619345951803325E-6,316262.0762378444,I-A-B-M-G-E-H-L-J-C-K-D-F-I,1.7725664267326665E-6,564153.7518248489,I-A-B-J-G-E-H-L-M-C-K-D-F-I
97001,3.1619345951803325E-6,316262.07623784395,3.1619345951803325E-6,316262.0762378444,I-A-B-M-G-E-H-L-J-C-K-D-F-I,3.1619345951803325E-6,316262.0762378444,I-A-B-M-G-E-H-L-J-C-K-D-F-I
98001,3.1619345951803325E-6,316262.07623784395,3.1619345951803325E-6,316262.0762378444,I-A-B-M-G-E-H-L-J-C-K-D-F-I,3.1619345951803325E-6,316262.0762378444,I-A-B-M-G-E-H-L-J-C-K-D-F-I
99001,3.1619345951803325E-6,316262.07623784395,3.1619345951803325E-6,316262.0762378444,I-A-B-M-G-E-H-L-J-C-K-D-F-I,3.1619345951803325E-6,316262.0762378444,I-A-B-M-G-E-H-L-J-C-K-D-F-I
100001,3.1619345951803325E-6,316262.07623784395,3.1619345951803325E-6,316262.0762378444,I-A-B-M-G-E-H-L-J-C-K-D-F-I,3.1619345951803325E-6,316262.0762378444,I-A-B-M-G-E-H-L-J-C-K-D-F-I
101001,3.1619345951803325E-6,316262.07623784395,3.1619345951803325E-6,316262.0762378444,I-A-B-M-G-E-H-L-J-C-K-D-F-I,3.1619345951803325E-6,316262.0762378444,I-A-B-M-G-E-H-L-J-C-K-D-F-I
102001,3.1257627966786868E-6,319922.12151896197,3.1619345951803325E-6,316262.0762378444,I-A-B-M-G-E-H-L-J-C-K-D-F-I,3.1255810288470295E-6,319940.513706305,F-A-B-M-G-E-H-L-J-C-K-D-I-F
103001,2.161808278959283E-6,471279.7512139971,3.1619345951803325E-6,316262.0762378444,I-A-B-M-G-E-H-L-J-C-K-D-F-I,1.9264828073247606E-6,519080.6770752681,M-A-B-F-G-J-H-L-E-C-K-D-I-M
104001,3.1257627966786868E-6,319922.12151896197,3.1619345951803325E-6,316262.0762378444,I-A-B-M-G-E-H-L-J-C-K-D-F-I,3.1255810288470295E-6,319940.513706305,F-A-B-M-G-E-H-L-J-C-K-D-I-F
105001,1.7809782001282447E-6,573016.1458040047,3.1619345951803325E-6,316262.0762378444,I-A-B-M-G-E-H-L-J-C-K-D-F-I,1.6247187085287484E-6,615491.1584083021,A-M-I-B-G-E-H-L-F-J-K-D-C-A
106001,3.1257627966786868E-6,319922.12151896197,3.1619345951803325E-6,316262.0762378444,I-A-B-M-G-E-H-L-J-C-K-D-F-I,3.1255810288470295E-6,319940.513706305,F-A-B-M-G-E-H-L-J-C-K-D-I-F
107001,3.1257627966786868E-6,319922.12151896197,3.1619345951803325E-6,316262.0762378444,I-A-B-M-G-E-H-L-J-C-K-D-F-I,3.1255810288470295E-6,319940.513706305,F-A-B-M-G-E-H-L-J-C-K-D-I-F
108001,3.1257627966786868E-6,319922.12151896197,3.1619345951803325E-6,316262.0762378444,I-A-B-M-G-E-H-L-J-C-K-D-F-I,3.1255810288470295E-6,319940.513706305,F-A-B-M-G-E-H-L-D-C-K-J-I-F
109001,1.972558526052752E-6,526628.0670867668,3.1619345951803325E-6,316262.0762378444,I-A-B-M-G-E-H-L-J-C-K-D-F-I,1.699606099623275E-6,588371.6234141865,F-A-B-M-G-E-H-D-L-C-I-K-J-F
110001,2.442196677070426E-6,412666.06746909325,3.1619345951803325E-6,316262.0762378444,I-A-B-M-G-E-H-L-J-C-K-D-F-I,2.311486805512888E-6,432621.9806295254,A-I-B-M-G-E-H-L-J-C-D-K-F-A
111001,3.1144887532446762E-6,321081.0435814273,3.1619345951803325E-6,316262.0762378444,I-A-B-M-G-E-H-L-J-C-K-D-F-I,3.112395013134737E-6,321295.97810684756,F-A-M-B-G-E-H-L-J-C-K-D-I-F
112001,3.1619345951803325E-6,316262.07623784395,3.1619345951803325E-6,316262.0762378444,I-A-B-M-G-E-H-L-J-C-K-D-F-I,3.1619345951803325E-6,316262.0762378444,I-A-B-M-G-E-H-L-J-C-K-D-F-I
113001,2.0601136052420203E-6,513090.4182320349,3.1619345951803325E-6,316262.0762378444,I-A-B-M-G-E-H-L-J-C-K-D-F-I,1.6844369070381094E-6,593670.2026782269,F-A-B-C-G-E-H-L-J-M-K-D-I-F
114001,2.122079723004089E-6,474324.6829530391,3.1619345951803325E-6,316262.0762378444,I-A-B-M-G-E-H-L-J-C-K-D-F-I,1.93989332227457E-6,515492.26368152903,A-I-B-M-G-E-H-L-J-F-C-K-D-A
115001,3.1619345951803325E-6,316262.07623784395,3.1619345951803325E-6,316262.0762378444,I-A-B-M-G-E-H-L-J-C-K-D-F-I,3.1619345951803325E-6,316262.0762378444,I-A-B-M-G-E-H-L-J-C-K-D-F-I
116001,2.3827399450406436E-6,420885.2511796218,3.1619345951803325E-6,316262.0762378444,I-A-B-M-G-E-H-L-J-C-K-D-F-I,2.3376353799280122E-6,427782.7109336423,F-B-I-M-G-E-H-L-J-C-K-D-A-F
117001,3.0203714688935966E-6,331367.30261348304,3.1619345951803325E-6,316262.0762378444,I-A-B-M-G-E-H-L-J-C-K-D-F-I,2.9639442087653184E-6,337388.2669730032,I-A-B-M-G-E-H-L-C-J-K-D-F-I
118001,3.1619345951803325E-6,316262.07623784395,3.1619345951803325E-6,316262.0762378444,I-A-B-M-G-E-H-L-J-C-K-D-F-I,3.1619345951803325E-6,316262.0762378444,I-A-B-M-G-E-H-L-J-C-K-D-F-I
119001,1.9823822737193925E-6,520474.66758974985,3.1619345951803325E-6,316262.0762378444,I-A-B-M-G-E-H-L-J-C-K-D-F-I,1.7537700184965662E-6,570200.1912755119,J-B-A-M-G-E-H-L-I-C-K-D-F-J
120001,3.1619345951803325E-6,316262.07623784395,3.1619345951803325E-6,316262.0762378444,I-A-B-M-G-E-H-L-J-C-K-D-F-I,3.1619345951803325E-6,316262.0762378444,I-A-B-M-G-E-H-L-J-C-K-D-F-I
121001,2.1002839384460607E-6,492141.6691593422,3.1619345951803325E-6,316262.0762378444,I-A-B-M-G-E-H-L-J-C-K-D-F-I,1.8539816828242511E-6,539379.6547529296,I-A-B-M-G-E-H-L-J-F-K-D-C-I
122001,3.1257627966786868E-6,319922.12151896197,3.1619345951803325E-6,316262.0762378444,I-A-B-M-G-E-H-L-J-C-K-D-F-I,3.1255810288470295E-6,319940.513706305,F-A-B-M-G-E-H-L-J-C-K-D-I-F
123001,2.8670622314785193E-6,350403.820836606,3.1619345951803325E-6,316262.0762378444,I-A-B-M-G-E-H-L-J-C-K-D-F-I,2.7314639912360757E-6,366104.03915574506,I-A-B-M-G-E-H-L-J-K-C-D-F-I
124001,3.1257627966786868E-6,319922.12151896197,3.1619345951803325E-6,316262.0762378444,I-A-B-M-G-E-H-L-J-C-K-D-F-I,3.1255810288470295E-6,319940.513706305,F-A-B-M-G-E-H-L-J-C-K-D-I-F
125001,2.744027955787352E-6,364940.5137564909,3.1619345951803325E-6,316262.0762378444,I-A-B-M-G-E-H-L-J-C-K-D-F-I,2.557909715037755E-6,390944.2128160649,M-A-B-I-G-E-H-L-J-C-K-D-F-M
126001,2.1456094892698544E-6,477488.76596369414,3.1619345951803325E-6,316262.0762378444,I-A-B-M-G-E-H-L-J-C-K-D-F-I,1.9377234071846803E-6,516069.5258632917,I-A-B-M-G-E-H-F-J-C-K-D-L-I
127001,1.9391548846596297E-6,540322.7627010369,3.1619345951803325E-6,316262.0762378444,I-A-B-M-G-E-H-L-J-C-K-D-F-I,1.654166044302426E-6,604534.2324879528,F-A-H-M-G-E-B-C-I-L-K-D-J-F
128001,2.57136010883465E-6,390459.7332767682,3.1619345951803325E-6,316262.0762378444,I-A-B-M-G-E-H-L-J-C-K-D-F-I,2.501869173377813E-6,399701.1556962766,M-A-B-F-G-E-H-L-J-C-K-D-I-M
129001,3.1619345951803325E-6,316262.07623784395,3.1619345951803325E-6,316262.0762378444,I-A-B-M-G-E-H-L-J-C-K-D-F-I,3.1619345951803325E-6,316262.0762378444,I-A-B-M-G-E-H-L-J-C-K-D-F-I
130001,2.3471339538399994E-6,432487.8438800637,3.1619345951803325E-6,316262.0762378444,I-A-B-M-G-E-H-L-J-C-K-D-F-I,1.8966185234762758E-6,527254.1566066323,A-M-G-I-E-B-J-L-C-H-K-D-F-A
131001,2.0517499983794327E-6,493309.73949184985,3.1619345951803325E-6,316262.0762378444,I-A-B-M-G-E-H-L-J-C-K-D-F-I,1.5987180530473373E-6,625501.1620678749,L-M-B-E-H-J-I-A-F-C-K-D-G-L
132001,2.6737826032779075E-6,377041.1317024872,3.1619345951803325E-6,316262.0762378444,I-A-B-M-G-E-H-L-J-C-K-D-F-I,2.5400849239670635E-6,393687.6246004469,I-A-B-M-G-E-H-L-J-C-D-K-F-I
133001,3.1619345951803325E-6,316262.07623784395,3.1619345951803325E-6,316262.0762378444,I-A-B-M-G-E-H-L-J-C-K-D-F-I,3.1619345951803325E-6,316262.0762378444,I-A-B-M-G-E-H-L-J-C-K-D-F-I
134001,2.489907502539244E-6,408114.35432630026,3.1619345951803325E-6,316262.0762378444,I-A-B-M-G-E-H-L-J-C-K-D-F-I,2.245216829840491E-6,445391.2810154037,I-A-B-H-G-E-M-L-C-J-K-D-F-I
135001,2.9509481751926402E-6,339109.43817425333,3.1619345951803325E-6,316262.0762378444,I-A-B-M-G-E-H-L-J-C-K-D-F-I,2.9149610029602256E-6,343057.762688582,F-B-A-M-G-E-H-L-J-C-K-D-I-F
136001,2.6870687178844066E-6,376902.15333427204,3.1619345951803325E-6,316262.0762378444,I-A-B-M-G-E-H-L-J-C-K-D-F-I,2.0785826024832802E-6,481097.0700925242,F-A-B-M-G-I-E-H-L-C-K-D-J-F
137001,2.797592486865541E-6,358007.24200658756,3.1619345951803325E-6,316262.0762378444,I-A-B-M-G-E-H-L-J-C-K-D-F-I,2.756850343663704E-6,362732.78391711845,A-F-B-M-G-E-H-L-J-C-K-D-I-A
138001,2.3266793877804405E-6,435026.2462809335,3.1619345951803325E-6,316262.0762378444,I-A-B-M-G-E-H-L-J-C-K-D-F-I,1.8499717284140342E-6,540548.8011740006,I-A-B-M-G-E-H-L-J-F-C-D-K-I
139001,2.1453289423778726E-6,473879.389615143,3.1619345951803325E-6,316262.0762378444,I-A-B-M-G-E-H-L-J-C-K-D-F-I,1.7016969165855115E-6,587648.7112678795,F-I-A-M-E-J-H-L-C-G-K-D-B-F
140001,2.4595457986647547E-6,413615.70092130476,3.1619345951803325E-6,316262.0762378444,I-A-B-M-G-E-H-L-J-C-K-D-F-I,2.2576892663254184E-6,442930.749999793,I-A-B-M-G-E-H-L-J-D-C-K-F-I
141001,3.1619345951803325E-6,316262.07623784395,3.1619345951803325E-6,316262.0762378444,I-A-B-M-G-E-H-L-J-C-K-D-F-I,3.1619345951803325E-6,316262.0762378444,I-A-B-M-G-E-H-L-J-C-K-D-F-I
142001,3.1257627966786868E-6,319922.12151896197,3.1619345951803325E-6,316262.0762378444,I-A-B-M-G-E-H-L-J-C-K-D-F-I,3.1255810288470295E-6,319940.513706305,F-A-B-M-I-E-H-L-J-C-K-D-G-F
143001,3.1257627966786868E-6,319922.12151896197,3.1619345951803325E-6,316262.0762378444,I-A-B-M-G-E-H-L-J-C-K-D-F-I,3.1255810288470295E-6,319940.513706305,F-A-B-M-G-E-H-L-J-C-K-D-I-F
144001,3.1257627966786868E-6,319922.12151896197,3.1619345951803325E-6,316262.0762378444,I-A-B-M-G-E-H-L-J-C-K-D-F-I,3.1255810288470295E-6,319940.513706305,F-A-B-M-G-E-H-L-J-C-K-D-I-F
145001,2.4299812102632547E-6,416663.1182770726,3.1619345951803325E-6,316262.0762378444,I-A-B-M-G-E-H-L-J-C-K-D-F-I,1.815390969960454E-6,550845.529446356,F-A-B-M-G-E-H-L-I-J-K-D-C-F
146001,2.8043656934000187E-6,357679.1710790215,3.1619345951803325E-6,316262.0762378444,I-A-B-M-G-E-H-L-J-C-K-D-F-I,2.710721477428754E-6,368905.4771309617,I-E-B-M-G-A-H-L-J-C-K-D-F-I
147001,2.3121094357737535E-6,435270.58585178736,3.1619345951803325E-6,316262.0762378444,I-A-B-M-G-E-H-L-J-C-K-D-F-I,2.123617015310285E-6,470894.7012528474,I-A-B-M-G-E-H-L-J-F-C-K-D-I
148001,2.614542145241966E-6,385726.47475295165,3.1619345951803325E-6,316262.0762378444,I-A-B-M-G-E-H-L-J-C-K-D-F-I,2.1980144638586017E-6,454956.05986345775,I-B-H-M-G-E-A-L-J-C-K-D-F-I
149001,3.1257627966786868E-6,319922.12151896197,3.1619345951803325E-6,316262.0762378444,I-A-B-M-G-E-H-L-J-C-K-D-F-I,3.1255810288470295E-6,319940.513706305,F-A-B-M-G-E-H-L-J-C-K-D-I-F
150001,3.1619345951803325E-6,316262.07623784395,3.1619345951803325E-6,316262.0762378444,I-A-B-M-G-E-H-L-J-C-K-D-F-I,3.1619345951803325E-6,316262.0762378444,I-A-B-M-G-E-H-L-J-C-K-D-F-I
151001,1.739099329306025E-6,601450.0786307291,3.1619345951803325E-6,316262.0762378444,I-A-B-M-G-E-H-L-J-C-K-D-F-I,1.4850763078487868E-6,673366.0719754893,I-C-B-M-G-E-H-F-L-J-A-K-D-I
152001,2.9521864679668098E-6,339040.74542565754,3.1619345951803325E-6,316262.0762378444,I-A-B-M-G-E-H-L-J-C-K-D-F-I,2.895473567358792E-6,345366.6478855772,F-A-G-M-B-H-E-L-J-C-K-D-I-F
153001,2.6217158783594567E-6,382619.1120056888,3.1619345951803325E-6,316262.0762378444,I-A-B-M-G-E-H-L-J-C-K-D-F-I,2.557909715037755E-6,390944.2128160649,M-A-B-I-G-E-H-L-J-C-K-D-F-M
154001,1.5769630593948027E-6,669491.468788743,3.1619345951803325E-6,316262.0762378444,I-A-B-M-G-E-H-L-J-C-K-D-F-I,1.283800762034423E-6,778937.066850866,A-K-M-J-G-E-H-L-I-C-B-D-F-A
155001,2.832271680509683E-6,354637.6589639684,3.1619345951803325E-6,316262.0762378444,I-A-B-M-G-E-H-L-J-C-K-D-F-I,2.709727780982484E-6,369040.76011555054,I-A-B-M-H-E-G-L-J-C-K-D-F-I
156001,3.1619345951803325E-6,316262.07623784395,3.1619345951803325E-6,316262.0762378444,I-A-B-M-G-E-H-L-J-C-K-D-F-I,3.1619345951803325E-6,316262.0762378444,I-A-B-M-G-E-H-L-J-C-K-D-F-I
157001,2.8998451053373078E-6,345328.7292902435,3.1619345951803325E-6,316262.0762378444,I-A-B-M-G-E-H-L-J-C-K-D-F-I,2.844937934013002E-6,351501.51714889036,F-A-B-M-G-E-H-L-J-C-K-I-D-F
158001,2.782843259458208E-6,359718.9328150201,3.1619345951803325E-6,316262.0762378444,I-A-B-M-G-E-H-L-J-C-K-D-F-I,2.756850343663704E-6,362732.78391711845,A-F-B-M-G-E-H-L-J-C-K-D-I-A
159001,2.3517852120157673E-6,430683.3381043619,3.1619345951803325E-6,316262.0762378444,I-A-B-M-G-E-H-L-J-C-K-D-F-I,1.8153584968663248E-6,550855.382959455,F-A-B-M-G-E-H-L-I-C-K-D-J-F
160001,2.4105158125706307E-6,418359.190078353,3.1619345951803325E-6,316262.0762378444,I-A-B-M-G-E-H-L-J-C-K-D-F-I,2.2546493297101957E-6,443527.9521399172,A-I-B-M-G-H-E-L-J-C-D-K-F-A
161001,3.1619345951803325E-6,316262.07623784395,3.1619345951803325E-6,316262.0762378444,I-A-B-M-G-E-H-L-J-C-K-D-F-I,3.1619345951803325E-6,316262.0762378444,I-A-B-M-G-E-H-L-J-C-K-D-F-I
162001,1.983620543059096E-6,520699.5700581479,3.1619345951803325E-6,316262.0762378444,I-A-B-M-G-E-H-L-J-C-K-D-F-I,1.761898155416214E-6,567569.6957431512,J-A-B-M-G-E-H-L-I-C-K-D-F-J
163001,3.1257627966786868E-6,319922.12151896197,3.1619345951803325E-6,316262.0762378444,I-A-B-M-G-E-H-L-J-C-K-D-F-I,3.1255810288470295E-6,319940.513706305,F-A-B-M-G-E-H-L-J-C-K-D-I-F
164001,3.1619345951803325E-6,316262.07623784395,3.1619345951803325E-6,316262.0762378444,I-A-B-M-G-E-H-L-J-C-K-D-F-I,3.1619345951803325E-6,316262.0762378444,I-A-B-M-G-E-H-L-J-C-K-D-F-I
165001,2.369545528699286E-6,425749.16934969294,3.1619345951803325E-6,316262.0762378444,I-A-B-M-G-E-H-L-J-C-K-D-F-I,1.953835347126962E-6,511813.8544634586,F-A-B-G-M-J-H-L-D-C-K-E-I-F
166001,3.1619345951803325E-6,316262.07623784395,3.1619345951803325E-6,316262.0762378444,I-A-B-M-G-E-H-L-J-C-K-D-F-I,3.1619345951803325E-6,316262.0762378444,I-A-B-M-G-E-H-L-J-C-K-D-F-I
167001,1.9773421899057634E-6,524618.2108408484,3.1619345951803325E-6,316262.0762378444,I-A-B-M-G-E-H-L-J-C-K-D-F-I,1.7291157694231552E-6,578330.2759037394,I-M-B-A-G-E-H-L-F-C-K-D-J-I
168001,2.49877210735368E-6,403937.3138016922,3.1619345951803325E-6,316262.0762378444,I-A-B-M-G-E-H-L-J-C-K-D-F-I,1.99569362743765E-6,501078.9162482517,D-A-B-M-G-E-H-L-J-I-C-K-F-D
169001,2.3354436819500653E-6,438685.7461905493,3.1619345951803325E-6,316262.0762378444,I-A-B-M-G-E-H-L-J-C-K-D-F-I,2.0937871331697687E-6,477603.4698838308,I-A-B-M-G-E-H-L-D-C-K-J-F-I
170001,2.6534407764576506E-6,377546.6451107022,3.1619345951803325E-6,316262.0762378444,I-A-B-M-G-E-H-L-J-C-K-D-F-I,2.501190030952993E-6,399809.6856395131,B-A-M-F-G-E-H-L-J-C-K-D-I-B
171001,3.1619345951803325E-6,316262.07623784395,3.1619345951803325E-6,316262.0762378444,I-A-B-M-G-E-H-L-J-C-K-D-F-I,3.1619345951803325E-6,316262.0762378444,I-A-B-M-G-E-H-L-J-C-K-D-F-I
172001,2.5546766307578027E-6,394449.6725399162,3.1619345951803325E-6,316262.0762378444,I-A-B-M-G-E-H-L-J-C-K-D-F-I,2.3883496243713677E-6,418699.1677414934,A-I-G-D-E-B-H-L-J-C-K-M-F-A
173001,2.712126856429329E-6,369136.435350421,3.1619345951803325E-6,316262.0762378444,I-A-B-M-G-E-H-L-J-C-K-D-F-I,2.123617015310285E-6,470894.7012528474,I-A-B-M-G-E-H-L-D-F-C-K-J-I
174001,3.1619345951803325E-6,316262.07623784395,3.1619345951803325E-6,316262.0762378444,I-A-B-M-G-E-H-L-J-C-K-D-F-I,3.1619345951803325E-6,316262.0762378444,I-A-B-M-G-E-H-L-J-C-K-D-F-I
175001,2.245089295627571E-6,447735.86527657,3.1619345951803325E-6,316262.0762378444,I-A-B-M-G-E-H-L-J-C-K-D-F-I,2.123617015310285E-6,470894.7012528474,A-B-M-G-E-H-L-J-F-C-K-D-I-A
176001,3.0334683340344962E-6,329779.52835504693,3.1619345951803325E-6,316262.0762378444,I-A-B-M-G-E-H-L-J-C-K-D-F-I,2.9955888279397055E-6,333824.18530642474,F-A-B-G-M-E-H-L-J-C-K-D-I-F
177001,2.537600616133863E-6,399564.5528871854,3.1619345951803325E-6,316262.0762378444,I-A-B-M-G-E-H-L-J-C-K-D-F-I,2.3367569203832293E-6,427943.52774870547,F-A-B-H-G-E-M-L-J-C-K-D-I-F
178001,2.1763306583352733E-6,461892.7687454793,3.1619345951803325E-6,316262.0762378444,I-A-B-M-G-E-H-L-J-C-K-D-F-I,2.076908789684953E-6,481484.7936349147,F-A-I-M-H-E-G-L-J-C-K-D-B-F
179001,2.3736623477669398E-6,422067.773242566,3.1619345951803325E-6,316262.0762378444,I-A-B-M-G-E-H-L-J-C-K-D-F-I,2.123617015310285E-6,470894.7012528474,F-B-M-G-E-H-L-J-A-C-K-D-I-F
180001,3.1619345951803325E-6,316262.07623784395,3.1619345951803325E-6,316262.0762378444,I-A-B-M-G-E-H-L-J-C-K-D-F-I,3.1619345951803325E-6,316262.0762378444,I-A-B-M-G-E-H-L-J-C-K-D-F-I
181001,2.822557876479912E-6,356012.0770643089,3.1619345951803325E-6,316262.0762378444,I-A-B-M-G-E-H-L-J-C-K-D-F-I,2.682984956187022E-6,372719.1975840111,F-A-B-M-H-E-G-L-J-C-K-D-I-F
182001,2.579417685901587E-6,388708.08951393585,3.1619345951803325E-6,316262.0762378444,I-A-B-M-G-E-H-L-J-C-K-D-F-I,2.3319535914993032E-6,428825.00048256165,A-E-B-I-C-G-H-L-J-M-K-D-F-A
183001,3.1619345951803325E-6,316262.07623784395,3.1619345951803325E-6,316262.0762378444,I-A-B-M-G-E-H-L-J-C-K-D-F-I,3.1619345951803325E-6,316262.0762378444,I-A-B-M-G-E-H-L-J-C-K-D-F-I
184001,2.676534545244093E-6,374374.9676162552,3.1619345951803325E-6,316262.0762378444,I-A-B-M-G-E-H-L-J-C-K-D-F-I,2.6349995162636857E-6,379506.71103650006,B-A-I-M-G-E-H-L-J-C-K-D-F-B
185001,2.731563951023428E-6,366682.5369810536,3.1619345951803325E-6,316262.0762378444,I-A-B-M-G-E-H-L-J-C-K-D-F-I,2.1925821273570786E-6,456083.25796461373,F-A-B-M-G-E-H-L-J-I-C-K-D-F
186001,2.0907921896467633E-6,506669.16787150264,3.1619345951803325E-6,316262.0762378444,I-A-B-M-G-E-H-L-J-C-K-D-F-I,1.6949389109599846E-6,589991.7652097662,I-A-B-C-G-E-H-L-J-M-K-D-F-I
187001,3.1619345951803325E-6,316262.07623784395,3.1619345951803325E-6,316262.0762378444,I-A-B-M-G-E-H-L-J-C-K-D-F-I,3.1619345951803325E-6,316262.0762378444,I-A-B-M-G-E-H-L-J-C-K-D-F-I
188001,3.1257627966786868E-6,319922.12151896197,3.1619345951803325E-6,316262.0762378444,I-A-B-M-G-E-H-L-J-C-K-D-F-I,3.1255810288470295E-6,319940.513706305,F-A-B-M-G-E-H-L-J-C-K-D-I-F
189001,2.243447563981304E-6,450668.79848685133,3.1619345951803325E-6,316262.0762378444,I-A-B-M-G-E-H-L-J-C-K-D-F-I,2.0471101966861323E-6,488493.48785365967,M-G-B-H-A-E-F-L-J-C-K-D-I-M
190001,3.115279914187414E-6,320999.7157173946,3.1619345951803325E-6,316262.0762378444,I-A-B-M-G-E-H-L-J-C-K-D-F-I,3.112395013134737E-6,321295.97810684756,F-I-M-B-G-E-H-L-J-C-K-D-A-F
191001,2.2456447534065785E-6,448108.41919164045,3.1619345951803325E-6,316262.0762378444,I-A-B-M-G-E-H-L-J-C-K-D-F-I,2.1048708149011856E-6,475088.5388882859,I-A-M-G-E-H-L-J-B-C-K-D-F-I
192001,3.1257627966786868E-6,319922.12151896197,3.1619345951803325E-6,316262.0762378444,I-A-B-M-G-E-H-L-J-C-K-D-F-I,3.1255810288470295E-6,319940.513706305,F-A-B-M-G-E-H-L-J-C-K-D-I-F
193001,2.0089864546355415E-6,508487.738150334,3.1619345951803325E-6,316262.0762378444,I-A-B-M-G-E-H-L-J-C-K-D-F-I,1.7662589135432309E-6,566168.4095872075,B-C-L-G-E-F-H-M-J-A-K-D-I-B
194001,2.9238116595468406E-6,342249.35165589914,3.1619345951803325E-6,316262.0762378444,I-A-B-M-G-E-H-L-J-C-K-D-F-I,2.891487923407993E-6,345842.70330320817,F-G-B-M-A-E-H-L-J-C-K-D-I-F
195001,2.753085141249774E-6,363797.33333018847,3.1619345951803325E-6,316262.0762378444,I-A-B-M-G-E-H-L-J-C-K-D-F-I,2.6620609685770515E-6,375648.7968547651,A-B-I-M-G-E-H-L-J-C-K-D-F-A
196001,2.7069052411128685E-6,370146.65687924135,3.1619345951803325E-6,316262.0762378444,I-A-B-M-G-E-H-L-J-C-K-D-F-I,2.6349995162636857E-6,379506.71103650006,B-A-I-M-G-E-H-L-J-C-K-D-F-B
197001,2.6094961439548355E-6,389267.2248342752,3.1619345951803325E-6,316262.0762378444,I-A-B-M-G-E-H-L-J-C-K-D-F-I,2.3440892523098875E-6,426604.9166065629,F-A-B-M-G-E-C-L-J-H-K-D-I-F
198001,2.8396049635738053E-6,352471.0273448867,3.1619345951803325E-6,316262.0762378444,I-A-B-M-G-E-H-L-J-C-K-D-F-I,2.815343593452877E-6,355196.43226692284,A-I-B-M-G-E-H-L-J-C-K-D-F-A
199001,2.2722656101412243E-6,442954.66040420346,3.1619345951803325E-6,316262.0762378444,I-A-B-M-G-E-H-L-J-C-K-D-F-I,2.1925821273570786E-6,456083.25796461373,F-A-B-M-G-E-H-L-J-I-C-K-D-F
200001,3.1257627966786868E-6,319922.12151896197,3.1619345951803325E-6,316262.0762378444,I-A-B-M-G-E-H-L-J-C-K-D-F-I,3.1255810288470295E-6,319940.513706305,F-A-B-M-G-E-H-L-J-C-K-D-I-F
201001,3.1619345951803325E-6,316262.07623784395,3.1619345951803325E-6,316262.0762378444,I-A-B-M-G-E-H-L-J-C-K-D-F-I,3.1619345951803325E-6,316262.0762378444,I-A-B-M-G-E-H-L-J-C-K-D-F-I
202001,2.6255261091628203E-6,383846.5831832287,3.1619345951803325E-6,316262.0762378444,I-A-B-M-G-E-H-L-J-C-K-D-F-I,2.4673652168172783E-6,405290.62871767615,F-A-B-M-G-K-H-L-J-C-E-D-I-F
203001,2.1445604000430455E-6,480833.90552013734,3.1619345951803325E-6,316262.0762378444,I-A-B-M-G-E-H-L-J-C-K-D-F-I,1.71167396716781E-6,584223.4088858825,I-A-B-M-G-E-H-J-F-C-K-D-L-I
204001,2.533997718938092E-6,395747.6406767411,3.1619345951803325E-6,316262.0762378444,I-A-B-M-G-E-H-L-J-C-K-D-F-I,2.252904725757639E-6,443871.41123498057,I-A-B-M-G-E-H-L-F-J-C-K-D-I
205001,2.753083990976062E-6,366256.2701798685,3.1619345951803325E-6,316262.0762378444,I-A-B-M-G-E-H-L-J-C-K-D-F-I,2.572492565528947E-6,388728.0427550559,I-A-B-M-G-E-J-L-H-C-K-D-F-I
206001,3.1619345951803325E-6,316262.07623784395,3.1619345951803325E-6,316262.0762378444,I-A-B-M-G-E-H-L-J-C-K-D-F-I,3.1619345951803325E-6,316262.0762378444,I-A-B-M-G-E-H-L-J-C-K-D-F-I
207001,3.1257627966786868E-6,319922.12151896197,3.1619345951803325E-6,316262.0762378444,I-A-B-M-G-E-H-L-J-C-K-D-F-I,3.1255810288470295E-6,319940.513706305,F-A-B-M-G-E-H-L-J-C-K-D-I-F
208001,2.283353323663144E-6,440848.7015670882,3.1619345951803325E-6,316262.0762378444,I-A-B-M-G-E-H-L-J-C-K-D-F-I,1.940933795035987E-6,515215.9247046646,A-I-M-G-E-H-L-J-B-C-K-D-F-A
209001,3.1257627966786868E-6,319922.12151896197,3.1619345951803325E-6,316262.0762378444,I-A-B-M-G-E-H-L-J-C-K-D-F-I,3.1255810288470295E-6,319940.513706305,F-A-B-M-G-E-H-L-J-C-K-D-I-F
210001,2.7902178731618743E-6,358863.0874108039,3.1619345951803325E-6,316262.0762378444,I-A-B-M-G-E-H-L-J-C-K-D-F-I,2.756850343663704E-6,362732.78391711845,A-F-B-M-G-E-H-L-J-C-K-D-I-A
211001,1.7494781790088382E-6,588040.8765097187,3.1619345951803325E-6,316262.0762378444,I-A-B-M-G-E-H-L-J-C-K-D-F-I,1.541595660139963E-6,648678.5256707384,E-B-D-M-G-A-H-L-I-C-K-J-F-E
212001,2.2964066566984004E-6,440633.4575030344,3.1619345951803325E-6,316262.0762378444,I-A-B-M-G-E-H-L-J-C-K-D-F-I,2.117452420359157E-6,472265.6293879711,I-H-B-M-G-E-A-L-J-C-K-F-D-I
213001,3.1619345951803325E-6,316262.07623784395,3.1619345951803325E-6,316262.0762378444,I-A-B-M-G-E-H-L-J-C-K-D-F-I,3.1619345951803325E-6,316262.0762378444,I-A-B-M-G-E-H-L-J-C-K-D-F-I
214001,2.8337773595463384E-6,354572.13043248496,3.1619345951803325E-6,316262.0762378444,I-A-B-M-G-E-H-L-J-C-K-D-F-I,2.6840616390606155E-6,372569.68522898236,I-A-B-M-G-E-H-J-L-C-K-D-F-I
215001,3.1257627966786868E-6,319922.12151896197,3.1619345951803325E-6,316262.0762378444,I-A-B-M-G-E-H-L-J-C-K-D-F-I,3.1255810288470295E-6,319940.513706305,F-A-B-M-G-E-H-L-J-C-K-D-I-F
216001,2.0765735375689383E-6,493339.1479648794,3.1619345951803325E-6,316262.0762378444,I-A-B-M-G-E-H-L-J-C-K-D-F-I,1.8846085232329972E-6,530614.1767227742,B-A-K-M-G-E-H-L-J-C-I-D-F-B
217001,2.0946989002487095E-6,480810.4529411473,3.1619345951803325E-6,316262.0762378444,I-A-B-M-G-E-H-L-J-C-K-D-F-I,1.8013385431606478E-6,555142.7319405432,B-A-F-M-I-E-H-L-J-G-C-K-D-B
218001,3.1257627966786868E-6,319922.12151896197,3.1619345951803325E-6,316262.0762378444,I-A-B-M-G-E-H-L-J-C-K-D-F-I,3.1255810288470295E-6,319940.513706305,F-A-B-M-G-E-H-L-J-C-K-D-I-F
219001,2.574052744061187E-6,392327.0961405367,3.1619345951803325E-6,316262.0762378444,I-A-B-M-G-E-H-L-J-C-K-D-F-I,2.1899243613491188E-6,456636.7759770218,F-M-A-H-G-E-B-L-J-C-K-D-I-F
220001,2.0105212376112134E-6,519609.51673485956,3.1619345951803325E-6,316262.0762378444,I-A-B-M-G-E-H-L-J-C-K-D-F-I,1.677148249446655E-6,596250.2124245319,A-I-B-M-C-H-L-E-J-G-K-D-F-A
221001,3.1619345951803325E-6,316262.07623784395,3.1619345951803325E-6,316262.0762378444,I-A-B-M-G-E-H-L-J-C-K-D-F-I,3.1619345951803325E-6,316262.0762378444,I-A-B-M-G-E-H-L-J-C-K-D-F-I
222001,2.8448038285997173E-6,351887.0120044505,3.1619345951803325E-6,316262.0762378444,I-A-B-M-G-E-H-L-J-C-K-D-F-I,2.815343593452877E-6,355196.43226692284,A-I-B-M-G-E-H-L-J-C-K-D-F-A
223001,3.1257627966786868E-6,319922.12151896197,3.1619345951803325E-6,316262.0762378444,I-A-B-M-G-E-H-L-J-C-K-D-F-I,3.1255810288470295E-6,319940.513706305,F-A-B-M-G-E-H-L-J-C-K-D-I-F
224001,1.9891999260799518E-6,510636.9850002996,3.1619345951803325E-6,316262.0762378444,I-A-B-M-G-E-H-L-J-C-K-D-F-I,1.7982025583984138E-6,556110.8760131337,H-A-B-I-M-E-G-F-L-C-J-K-D-H
225001,3.1619345951803325E-6,316262.07623784395,3.1619345951803325E-6,316262.0762378444,I-A-B-M-G-E-H-L-J-C-K-D-F-I,3.1619345951803325E-6,316262.0762378444,I-A-B-M-G-E-H-L-J-C-K-D-F-I
226001,2.2696699908658416E-6,444046.6684498744,3.1619345951803325E-6,316262.0762378444,I-A-B-M-G-E-H-L-J-C-K-D-F-I,2.034091230076379E-6,491620.0341527703,A-D-B-M-G-E-L-J-H-C-K-I-F-A
227001,3.1257627966786868E-6,319922.12151896197,3.1619345951803325E-6,316262.0762378444,I-A-B-M-G-E-H-L-J-C-K-D-F-I,3.1255810288470295E-6,319940.513706305,F-A-B-M-G-E-H-L-J-C-K-D-I-F
228001,2.830940188530619E-6,353444.3862456136,3.1619345951803325E-6,316262.0762378444,I-A-B-M-G-E-H-L-J-C-K-D-F-I,2.815343593452877E-6,355196.43226692284,A-I-B-M-G-E-H-L-J-C-K-D-F-A
229001,2.8816033041730965E-6,347380.1945140115,3.1619345951803325E-6,316262.0762378444,I-A-B-M-G-E-H-L-J-C-K-D-F-I,2.844937934013002E-6,351501.51714889036,F-K-B-M-G-E-H-L-J-C-A-I-D-F
230001,2.9435764742866017E-6,339918.54188863304,3.1619345951803325E-6,316262.0762378444,I-A-B-M-G-E-H-L-J-C-K-D-F-I,2.9149610029602256E-6,343057.762688582,F-B-A-M-G-E-H-L-J-C-K-D-I-F
231001,2.5024709787973605E-6,401402.7413869671,3.1619345951803325E-6,316262.0762378444,I-A-B-M-G-E-H-L-J-C-K-D-F-I,2.095146353706489E-6,477293.625923037,F-A-B-M-G-E-H-L-I-J-K-C-D-F
232001,3.1619345951803325E-6,316262.07623784395,3.1619345951803325E-6,316262.0762378444,I-A-B-M-G-E-H-L-J-C-K-D-F-I,3.1619345951803325E-6,316262.0762378444,I-A-B-M-G-E-H-L-J-C-K-D-F-I
233001,2.304786449266127E-6,438362.9463373761,3.1619345951803325E-6,316262.0762378444,I-A-B-M-G-E-H-L-J-C-K-D-F-I,2.1638303581982935E-6,462143.43754408124,F-A-B-M-G-E-L-D-J-C-K-H-I-F
234001,3.1257627966786868E-6,319922.12151896197,3.1619345951803325E-6,316262.0762378444,I-A-B-M-G-E-H-L-J-C-K-D-F-I,3.1255810288470295E-6,319940.513706305,F-A-B-M-G-E-H-L-J-C-K-D-I-F
235001,2.939364073768866E-6,340380.8868682787,3.1619345951803325E-6,316262.0762378444,I-A-B-M-G-E-H-L-J-C-K-D-F-I,2.9149610029602256E-6,343057.762688582,F-B-A-M-G-E-H-L-J-C-K-D-I-F
236001,3.1619345951803325E-6,316262.07623784395,3.1619345951803325E-6,316262.0762378444,I-A-B-M-G-E-H-L-J-C-K-D-F-I,3.1619345951803325E-6,316262.0762378444,I-A-B-M-G-E-H-L-J-C-K-D-F-I
237001,2.6523398296340147E-6,377820.8724081131,3.1619345951803325E-6,316262.0762378444,I-A-B-M-G-E-H-L-J-C-K-D-F-I,2.608965543205931E-6,383293.6784481971,B-A-F-M-G-E-H-L-J-C-K-D-I-B
238001,2.692985826142361E-6,371851.51437467156,3.1619345951803325E-6,316262.0762378444,I-A-B-M-G-E-H-L-J-C-K-D-F-I,2.6620609685770515E-6,375648.7968547651,A-B-I-K-G-E-H-L-J-C-M-D-F-A
239001,2.8396049635738057E-6,352471.0273448867,3.1619345951803325E-6,316262.0762378444,I-A-B-M-G-E-H-L-J-C-K-D-F-I,2.815343593452877E-6,355196.43226692284,A-I-B-M-G-E-H-L-J-C-K-D-F-A
240001,3.1257627966786868E-6,319922.12151896197,3.1619345951803325E-6,316262.0762378444,I-A-B-M-G-E-H-L-J-C-K-D-F-I,3.1255810288470295E-6,319940.513706305,F-A-B-M-G-E-H-L-J-C-K-D-I-F
241001,2.557602543802735E-6,391663.4066441257,3.1619345951803325E-6,316262.0762378444,I-A-B-M-G-E-H-L-J-C-K-D-F-I,2.3394458053330436E-6,427451.66300513636,F-A-G-M-B-E-H-L-I-J-C-K-D-F
242001,2.152537252781656E-6,479605.63568716106,3.1619345951803325E-6,316262.0762378444,I-A-B-M-G-E-H-L-J-C-K-D-F-I,1.8846085232329972E-6,530614.1767227742,I-A-K-M-G-E-H-L-J-C-B-D-F-I
243001,2.4762632402953616E-6,405604.849067832,3.1619345951803325E-6,316262.0762378444,I-A-B-M-G-E-H-L-J-C-K-D-F-I,2.278746586876659E-6,438837.7390268042,F-A-B-M-G-E-H-L-J-D-C-K-I-F
244001,2.107179965142338E-6,497312.98947664164,3.1619345951803325E-6,316262.0762378444,I-A-B-M-G-E-H-L-J-C-K-D-F-I,1.7739795954239045E-6,563704.3416844055,I-J-B-M-G-E-H-L-A-C-K-D-F-I
245001,2.5158566357402368E-6,405382.24800229305,3.1619345951803325E-6,316262.0762378444,I-A-B-M-G-E-H-L-J-C-K-D-F-I,2.2565745716072903E-6,443149.5473636087,F-A-H-M-G-E-B-L-J-C-K-D-I-F
246001,2.114463258185621E-6,483781.5024771236,3.1619345951803325E-6,316262.0762378444,I-A-B-M-G-E-H-L-J-C-K-D-F-I,1.9377234071846803E-6,516069.5258632917,I-A-B-M-G-E-H-F-J-C-K-D-L-I
247001,2.393263710725142E-6,419620.91397571855,3.1619345951803325E-6,316262.0762378444,I-A-B-M-G-E-H-L-J-C-K-D-F-I,2.1925821273570786E-6,456083.25796461373,F-A-B-M-J-E-H-L-G-I-C-K-D-F
248001,3.1619345951803325E-6,316262.07623784395,3.1619345951803325E-6,316262.0762378444,I-A-B-M-G-E-H-L-J-C-K-D-F-I,3.1619345951803325E-6,316262.0762378444,I-A-B-M-G-E-H-L-J-C-K-D-F-I
249001,2.8716480375798146E-6,348908.01130159356,3.1619345951803325E-6,316262.0762378444,I-A-B-M-G-E-H-L-J-C-K-D-F-I,2.8121917546977907E-6,355594.5281218791,I-A-B-M-G-F-H-L-J-C-K-E-D-I
250001,2.7525140729817507E-6,363844.463091536,3.1619345951803325E-6,316262.0762378444,I-A-B-M-G-E-H-L-J-C-K-D-F-I,2.558620013018064E-6,390835.6828728284,B-A-M-I-G-E-H-L-J-C-K-D-F-B
251001,3.1257627966786868E-6,319922.12151896197,3.1619345951803325E-6,316262.0762378444,I-A-B-M-G-E-H-L-J-C-K-D-F-I,3.1255810288470295E-6,319940.513706305,F-A-B-M-G-E-H-L-J-C-K-D-I-F
252001,3.1619345951803325E-6,316262.07623784395,3.1619345951803325E-6,316262.0762378444,I-A-B-M-G-E-H-L-J-C-K-D-F-I,3.1619345951803325E-6,316262.0762378444,I-A-B-M-G-E-H-L-J-C-K-D-F-I
253001,2.7381505106966343E-6,365624.0667053055,3.1619345951803325E-6,316262.0762378444,I-A-B-M-G-E-H-L-J-C-K-D-F-I,2.1925821273570786E-6,456083.25796461373,F-A-B-M-G-E-H-L-J-I-C-K-D-F
254001,3.1619345951803325E-6,316262.07623784395,3.1619345951803325E-6,316262.0762378444,I-A-B-M-G-E-H-L-J-C-K-D-F-I,3.1619345951803325E-6,316262.0762378444,I-A-B-M-G-E-H-L-J-C-K-D-F-I
255001,1.6776923454240415E-6,614353.8967818074,3.1619345951803325E-6,316262.0762378444,I-A-B-M-G-E-H-L-J-C-K-D-F-I,1.3997480188887625E-6,714414.2992207154,F-A-B-D-G-L-E-J-I-C-H-K-M-F
256001,3.1257627966786868E-6,319922.12151896197,3.1619345951803325E-6,316262.0762378444,I-A-B-M-G-E-H-L-J-C-K-D-F-I,3.1255810288470295E-6,319940.513706305,F-A-B-M-G-E-H-L-J-C-K-D-I-F
257001,3.1257627966786868E-6,319922.12151896197,3.1619345951803325E-6,316262.0762378444,I-A-B-M-G-E-H-L-J-C-K-D-F-I,3.1255810288470295E-6,319940.513706305,F-A-B-M-G-E-H-L-J-C-K-D-I-F
258001,2.1820451387911344E-6,471871.2983405959,3.1619345951803325E-6,316262.0762378444,I-A-B-M-G-E-H-L-J-C-K-D-F-I,1.8889732976785874E-6,529388.107936162,I-A-L-M-G-E-H-B-J-C-K-F-D-I
259001,1.8951628665682582E-6,536698.3284022264,3.1619345951803325E-6,316262.0762378444,I-A-B-M-G-E-H-L-J-C-K-D-F-I,1.5573302683347934E-6,642124.5514410184,I-C-B-M-G-E-H-L-J-D-A-K-F-I
260001,2.9931445733871563E-6,334393.56217254704,3.1619345951803325E-6,316262.0762378444,I-A-B-M-G-E-H-L-J-C-K-D-F-I,2.931977783165952E-6,341066.7044414638,F-A-B-M-G-E-H-L-C-J-K-D-I-F
261001,2.9263582606079183E-6,341956.5480562992,3.1619345951803325E-6,316262.0762378444,I-A-B-M-G-E-H-L-J-C-K-D-F-I,2.891487923407993E-6,345842.70330320817,F-G-B-M-A-E-H-L-J-C-K-D-I-F
262001,2.8413379185824426E-6,352276.35556474124,3.1619345951803325E-6,316262.0762378444,I-A-B-M-G-E-H-L-J-C-K-D-F-I,2.815343593452877E-6,355196.43226692284,A-I-B-M-G-E-H-L-J-C-K-D-F-A
263001,1.6262170141814777E-6,636928.9286818106,3.1619345951803325E-6,316262.0762378444,I-A-B-M-G-E-H-L-J-C-K-D-F-I,1.4251708668771286E-6,701670.2510845074,F-C-M-I-G-E-H-L-J-A-K-D-B-F
264001,2.322858432088408E-6,437394.57835278823,3.1619345951803325E-6,316262.0762378444,I-A-B-M-G-E-H-L-J-C-K-D-F-I,2.10100575307474E-6,475962.52344218426,F-A-B-M-G-E-H-L-D-J-K-C-I-F
265001,2.923786235116937E-6,342954.031503786,3.1619345951803325E-6,316262.0762378444,I-A-B-M-G-E-H-L-J-C-K-D-F-I,2.8217226522326296E-6,354393.4409034746,G-A-B-M-I-E-L-H-J-C-K-D-F-G
266001,2.875990442276416E-6,348011.4145828633,3.1619345951803325E-6,316262.0762378444,I-A-B-M-G-E-H-L-J-C-K-D-F-I,2.844937934013002E-6,351501.51714889036,F-A-B-M-G-E-H-L-J-C-I-K-D-F
267001,3.1619345951803325E-6,316262.07623784395,3.1619345951803325E-6,316262.0762378444,I-A-B-M-G-E-H-L-J-C-K-D-F-I,3.1619345951803325E-6,316262.0762378444,I-A-B-M-G-E-H-L-J-C-K-D-F-I
268001,3.1257627966786868E-6,319922.12151896197,3.1619345951803325E-6,316262.0762378444,I-A-B-M-G-E-H-L-J-C-K-D-F-I,3.1255810288470295E-6,319940.513706305,F-A-B-M-G-E-H-L-J-C-K-D-I-F
269001,2.182416997629164E-6,468799.22073514486,3.1619345951803325E-6,316262.0762378444,I-A-B-M-G-E-H-L-J-C-K-D-F-I,1.969100467878971E-6,507846.10349372175,B-I-K-H-M-E-A-L-J-C-G-D-F-B
270001,2.443201928933056E-6,411551.24112586764,3.1619345951803325E-6,316262.0762378444,I-A-B-M-G-E-H-L-J-C-K-D-F-I,2.1748798424020358E-6,459795.5162872606,I-A-B-M-E-H-C-J-G-L-K-D-F-I
271001,2.5142878430670675E-6,403335.10833681584,3.1619345951803325E-6,316262.0762378444,I-A-B-M-G-E-H-L-J-C-K-D-F-I,2.3515654938193165E-6,425248.62804303225,I-A-B-M-G-E-H-L-J-C-D-F-K-I
272001,2.1913498098592605E-6,462001.5428317823,3.1619345951803325E-6,316262.0762378444,I-A-B-M-G-E-H-L-J-C-K-D-F-I,1.8792368098908266E-6,532130.9133243801,F-A-B-G-E-H-L-J-I-C-K-D-M-F
273001,2.854160895555688E-6,350874.6338957952,3.1619345951803325E-6,316262.0762378444,I-A-B-M-G-E-H-L-J-C-K-D-F-I,2.8121917546977907E-6,355594.5281218791,I-A-B-M-G-E-H-L-J-C-K-F-D-I
274001,2.801298042041078E-6,358919.4739039442,3.1619345951803325E-6,316262.0762378444,I-A-B-M-G-E-H-L-J-C-K-D-F-I,2.5742945809809255E-6,388455.93172905396,K-A-G-M-E-B-H-L-J-C-I-D-F-K
275001,3.1257627966786868E-6,319922.12151896197,3.1619345951803325E-6,316262.0762378444,I-A-B-M-G-E-H-L-J-C-K-D-F-I,3.1255810288470295E-6,319940.513706305,F-A-B-M-G-E-H-L-J-C-K-D-I-F
276001,2.723631407763954E-6,368236.05645464687,3.1619345951803325E-6,316262.0762378444,I-A-B-M-G-E-H-L-J-C-K-D-F-I,2.637557922562937E-6,379138.59310748015,F-E-B-M-G-A-H-L-J-C-K-D-I-F
277001,2.3526143119408406E-6,431803.7240688435,3.1619345951803325E-6,316262.0762378444,I-A-B-M-G-E-H-L-J-C-K-D-F-I,1.7910725260443358E-6,558324.6828136798,I-A-B-M-G-E-H-L-F-J-K-D-C-I
278001,1.967799373198664E-6,512376.05685067095,3.1619345951803325E-6,316262.0762378444,I-A-B-M-G-E-H-L-J-C-K-D-F-I,1.864471698818359E-6,536344.9606844487,A-B-I-M-L-E-H-F-J-C-K-D-G-A
279001,3.025321228553973E-6,330839.14784510405,3.1619345951803325E-6,316262.0762378444,I-A-B-M-G-E-H-L-J-C-K-D-F-I,2.9639442087653184E-6,337388.2669730032,I-A-B-M-G-E-H-L-C-J-K-D-F-I
280001,2.010561939028849E-6,505509.45728826453,3.1619345951803325E-6,316262.0762378444,I-A-B-M-G-E-H-L-J-C-K-D-F-I,1.7865934410334764E-6,559724.4325611864,F-A-L-M-G-E-H-I-J-C-K-D-B-F
281001,3.1619345951803325E-6,316262.07623784395,3.1619345951803325E-6,316262.0762378444,I-A-B-M-G-E-H-L-J-C-K-D-F-I,3.1619345951803325E-6,316262.0762378444,I-A-B-M-G-E-H-L-J-C-K-D-F-I
282001,3.1257627966786868E-6,319922.12151896197,3.1619345951803325E-6,316262.0762378444,I-A-B-M-G-E-H-L-J-C-K-D-F-I,3.1255810288470295E-6,319940.513706305,F-A-B-M-G-E-H-L-J-C-K-D-I-F
283001,2.46010199061483E-6,409030.8363146428,3.1619345951803325E-6,316262.0762378444,I-A-B-M-G-E-H-L-J-C-K-D-F-I,2.1748798424020358E-6,459795.5162872606,I-A-B-M-E-H-L-J-G-C-K-D-F-I
284001,2.9027562057533264E-6,345470.13584493386,3.1619345951803325E-6,316262.0762378444,I-A-B-M-G-E-H-L-J-C-K-D-F-I,2.792735370749455E-6,358071.87837193516,F-A-B-M-G-E-L-H-J-C-K-D-I-F
285001,3.1257627966786868E-6,319922.12151896197,3.1619345951803325E-6,316262.0762378444,I-A-B-M-G-E-H-L-J-C-K-D-F-I,3.1255810288470295E-6,319940.513706305,F-A-B-M-G-E-H-L-J-C-K-D-I-F
286001,3.1619345951803325E-6,316262.07623784395,3.1619345951803325E-6,316262.0762378444,I-A-B-M-G-E-H-L-J-C-K-D-F-I,3.1619345951803325E-6,316262.0762378444,I-A-B-M-G-E-H-L-J-C-K-D-F-I
287001,3.1619345951803325E-6,316262.07623784395,3.1619345951803325E-6,316262.0762378444,I-A-B-M-G-E-H-L-J-C-K-D-F-I,3.1619345951803325E-6,316262.0762378444,I-A-B-M-G-E-H-L-J-C-K-D-F-I
288001,2.6973785118638147E-6,371305.66401549545,3.1619345951803325E-6,316262.0762378444,I-A-B-M-G-E-H-L-J-C-K-D-F-I,2.6349995162636857E-6,379506.71103650006,B-A-I-M-G-E-H-L-J-C-K-D-F-B
289001,3.1257627966786868E-6,319922.12151896197,3.1619345951803325E-6,316262.0762378444,I-A-B-M-G-E-H-L-J-C-K-D-F-I,3.1255810288470295E-6,319940.513706305,F-A-B-M-G-E-H-L-J-C-K-D-I-F
290001,3.1257627966786868E-6,319922.12151896197,3.1619345951803325E-6,316262.0762378444,I-A-B-M-G-E-H-L-J-C-K-D-F-I,3.1255810288470295E-6,319940.513706305,F-A-B-M-G-E-H-L-J-C-K-D-I-F
291001,1.9730931206870456E-6,517630.2675480193,3.1619345951803325E-6,316262.0762378444,I-A-B-M-G-E-H-L-J-C-K-D-F-I,1.6645842631472091E-6,600750.6031021297,I-A-M-G-E-B-L-J-F-C-K-D-H-I
292001,3.1257627966786868E-6,319922.12151896197,3.1619345951803325E-6,316262.0762378444,I-A-B-M-G-E-H-L-J-C-K-D-F-I,3.1255810288470295E-6,319940.513706305,F-A-B-M-G-E-H-L-J-C-K-D-I-F
293001,2.786530566310041E-6,359291.0101129119,3.1619345951803325E-6,316262.0762378444,I-A-B-M-G-E-H-L-J-C-K-D-F-I,2.756850343663704E-6,362732.78391711845,A-F-B-M-G-E-H-L-J-C-K-D-I-A
294001,2.930751364062606E-6,341370.9897819584,3.1619345951803325E-6,316262.0762378444,I-A-B-M-G-E-H-L-J-C-K-D-F-I,2.897542216411236E-6,345120.0794715442,F-M-B-A-G-E-H-L-J-C-K-D-I-F
295001,3.1257627966786868E-6,319922.12151896197,3.1619345951803325E-6,316262.0762378444,I-A-B-M-G-E-H-L-J-C-K-D-F-I,3.1255810288470295E-6,319940.513706305,F-A-B-M-G-E-H-L-J-C-K-D-I-F
296001,2.667108683360571E-6,375936.9822773428,3.1619345951803325E-6,316262.0762378444,I-A-B-M-G-E-H-L-J-C-K-D-F-I,2.608965543205931E-6,383293.6784481971,B-A-F-M-G-E-H-L-J-C-K-D-I-B
297001,3.1257627966786868E-6,319922.12151896197,3.1619345951803325E-6,316262.0762378444,I-A-B-M-G-E-H-L-J-C-K-D-F-I,3.1255810288470295E-6,319940.513706305,F-A-B-M-G-E-H-L-J-C-K-D-I-F
298001,2.6781522955351634E-6,375875.1763576254,3.1619345951803325E-6,316262.0762378444,I-A-B-M-G-E-H-L-J-C-K-D-F-I,2.548377894856363E-6,392406.48022351647,F-A-B-M-G-E-J-L-H-C-K-D-I-F
299001,3.1257627966786868E-6,319922.12151896197,3.1619345951803325E-6,316262.0762378444,I-A-B-M-G-E-H-L-J-C-K-D-F-I,3.1255810288470295E-6,319940.513706305,F-A-B-M-G-E-H-L-J-C-K-D-I-F
300001,2.4756512108604988E-6,410914.5479024353,3.1619345951803325E-6,316262.0762378444,I-A-B-M-G-E-H-L-J-C-K-D-F-I,2.07803140575055E-6,481224.680836244,I-A-B-M-G-E-H-L-D-J-K-C-F-I
301001,2.559972507685466E-6,392342.4713875934,3.1619345951803325E-6,316262.0762378444,I-A-B-M-G-E-H-L-J-C-K-D-F-I,2.4663724404327523E-6,405453.76829808357,G-A-B-I-M-E-H-L-J-C-K-D-F-G
302001,3.1257627966786868E-6,319922.12151896197,3.1619345951803325E-6,316262.0762378444,I-A-B-M-G-E-H-L-J-C-K-D-F-I,3.1255810288470295E-6,319940.513706305,F-A-B-M-G-E-H-L-J-C-K-D-I-F
303001,2.1105915322269565E-6,483819.0097629826,3.1619345951803325E-6,316262.0762378444,I-A-B-M-G-E-H-L-J-C-K-D-F-I,1.8554813782806625E-6,538943.7003817447,A-B-F-M-G-E-H-L-D-C-K-J-I-A
304001,2.3488355121510433E-6,434157.98250324075,3.1619345951803325E-6,316262.0762378444,I-A-B-M-G-E-H-L-J-C-K-D-F-I,1.7532860719056754E-6,570357.579418334,I-A-D-M-G-E-H-L-J-B-C-K-F-I
305001,3.1257627966786868E-6,319922.12151896197,3.1619345951803325E-6,316262.0762378444,I-A-B-M-G-E-H-L-J-C-K-D-F-I,3.1255810288470295E-6,319940.513706305,F-A-B-M-G-E-H-L-J-C-K-D-I-F
306001,2.8362297753440984E-6,354430.6677036312,3.1619345951803325E-6,316262.0762378444,I-A-B-M-G-E-H-L-J-C-K-D-F-I,2.6578205701883124E-6,376248.12269744294,F-A-B-M-G-E-H-J-L-C-K-D-I-F
307001,2.7056562145956374E-6,369929.34288483567,3.1619345951803325E-6,316262.0762378444,I-A-B-M-G-E-H-L-J-C-K-D-F-I,2.252904725757639E-6,443871.41123498057,I-A-B-M-G-E-H-L-F-J-C-K-D-I
308001,2.334352225944968E-6,435559.4575054834,3.1619345951803325E-6,316262.0762378444,I-A-B-M-G-E-H-L-J-C-K-D-F-I,1.870284710375508E-6,534677.9527482872,F-A-B-M-G-E-H-L-J-I-K-D-C-F
309001,2.002443314042762E-6,511427.15042261826,3.1619345951803325E-6,316262.0762378444,I-A-B-M-G-E-H-L-J-C-K-D-F-I,1.816636005097883E-6,550468.0063555817,B-I-M-G-E-H-L-J-A-C-K-D-F-B
310001,2.990140299510028E-6,334590.49592029577,3.1619345951803325E-6,316262.0762378444,I-A-B-M-G-E-H-L-J-C-K-D-F-I,2.963180720501943E-6,337475.1978781121,I-M-B-A-G-E-H-L-J-C-K-D-F-I
311001,3.1257627966786868E-6,319922.12151896197,3.1619345951803325E-6,316262.0762378444,I-A-B-M-G-E-H-L-J-C-K-D-F-I,3.1255810288470295E-6,319940.513706305,F-A-B-M-G-E-H-L-J-C-K-D-I-F
312001,2.7921506584871355E-6,358601.7408205106,3.1619345951803325E-6,316262.0762378444,I-A-B-M-G-E-H-L-J-C-K-D-F-I,2.1925821273570786E-6,456083.2579646137,A-B-M-G-E-H-L-J-I-C-K-D-F-A
313001,2.8413379185824426E-6,352276.35556474124,3.1619345951803325E-6,316262.0762378444,I-A-B-M-G-E-H-L-J-C-K-D-F-I,2.815343593452877E-6,355196.43226692284,A-I-B-M-G-E-H-L-J-C-K-D-F-A
314001,2.5271551981382235E-6,403011.50814721076,3.1619345951803325E-6,316262.0762378444,I-A-B-M-G-E-H-L-J-C-K-D-F-I,2.2762449242858785E-6,439320.03508529643,F-A-B-M-G-J-H-L-E-C-K-D-I-F
315001,2.775966548075428E-6,361848.8101966242,3.1619345951803325E-6,316262.0762378444,I-A-B-M-G-E-H-L-J-C-K-D-F-I,2.659450128688101E-6,376017.5794284577,F-A-B-E-G-M-H-L-J-C-K-D-I-F
316001,2.316840816218587E-6,433325.5300387737,3.1619345951803325E-6,316262.0762378444,I-A-B-M-G-E-H-L-J-C-K-D-F-I,2.1925821273570786E-6,456083.25796461373,F-A-B-M-G-E-H-L-J-I-C-K-D-F
317001,3.150869621838382E-6,317373.5570462895,3.1619345951803325E-6,316262.0762378444,I-A-B-M-G-E-H-L-J-C-K-D-F-I,3.148440725251119E-6,317617.540638387,I-A-M-B-G-E-H-L-J-C-K-D-F-I
318001,3.1506672137894437E-6,317393.8890122975,3.1619345951803325E-6,316262.0762378444,I-A-B-M-G-E-H-L-J-C-K-D-F-I,3.148440725251119E-6,317617.540638387,I-A-M-B-G-E-H-L-J-C-K-D-F-I
319001,2.702081578288481E-6,370785.33135618106,3.1619345951803325E-6,316262.0762378444,I-A-B-M-G-E-H-L-J-C-K-D-F-I,2.6349995162636857E-6,379506.71103650006,B-A-I-M-G-E-H-L-J-C-K-D-F-B
320001,1.974855134994497E-6,519026.2204076948,3.1619345951803325E-6,316262.0762378444,I-A-B-M-G-E-H-L-J-C-K-D-F-I,1.7889858299516617E-6,558975.9199082197,C-A-B-M-G-E-H-L-J-I-K-D-F-C
321001,2.046722645824458E-6,516034.0662963096,3.1619345951803325E-6,316262.0762378444,I-A-B-M-G-E-H-L-J-C-K-D-F-I,1.695006598564546E-6,589968.2047532276,M-A-J-I-G-H-E-L-B-C-K-D-F-M
322001,2.9979846545291834E-6,333865.407404168,3.1619345951803325E-6,316262.0762378444,I-A-B-M-G-E-H-L-J-C-K-D-F-I,2.931977783165952E-6,341066.7044414638,F-A-B-M-G-E-H-L-C-J-K-D-I-F
323001,3.1619345951803325E-6,316262.07623784395,3.1619345951803325E-6,316262.0762378444,I-A-B-M-G-E-H-L-J-C-K-D-F-I,3.1619345951803325E-6,316262.0762378444,I-A-B-M-G-E-H-L-J-C-K-D-F-I
324001,2.106852445895147E-6,489579.2960414199,3.1619345951803325E-6,316262.0762378444,I-A-B-M-G-E-H-L-J-C-K-D-F-I,1.8730626981101476E-6,533884.9580470338,L-I-B-M-G-E-H-A-J-C-K-D-F-L
325001,3.1257627966786868E-6,319922.12151896197,3.1619345951803325E-6,316262.0762378444,I-A-B-M-G-E-H-L-J-C-K-D-F-I,3.1255810288470295E-6,319940.513706305,F-A-B-M-G-E-H-L-J-C-K-D-I-F
326001,3.1619345951803325E-6,316262.07623784395,3.1619345951803325E-6,316262.0762378444,I-A-B-M-G-E-H-L-J-C-K-D-F-I,3.1619345951803325E-6,316262.0762378444,I-A-B-M-G-E-H-L-J-C-K-D-F-I
327001,2.8283580128008553E-6,353976.77723848337,3.1619345951803325E-6,316262.0762378444,I-A-B-M-G-E-H-L-J-C-K-D-F-I,2.7952877205274437E-6,357744.9264547657,A-I-M-B-G-E-H-L-J-C-K-D-F-A
328001,2.595029561795928E-6,387632.49106943206,3.1619345951803325E-6,316262.0762378444,I-A-B-M-G-E-H-L-J-C-K-D-F-I,2.1959972892621233E-6,455373.9683057669,A-B-E-K-G-H-I-L-J-C-M-D-F-A
329001,2.3079068093000606E-6,444122.1127324912,3.1619345951803325E-6,316262.0762378444,I-A-B-M-G-E-H-L-J-C-K-D-F-I,2.044949488601844E-6,489009.6335258196,I-L-B-M-G-E-H-A-J-C-K-D-F-I
330001,3.1257627966786868E-6,319922.12151896197,3.1619345951803325E-6,316262.0762378444,I-A-B-M-G-E-H-L-J-C-K-D-F-I,3.1255810288470295E-6,319940.513706305,F-A-B-M-J-E-H-L-G-C-K-D-I-F
331001,2.6235963783262106E-6,384180.9505763512,3.1619345951803325E-6,316262.0762378444,I-A-B-M-G-E-H-L-J-C-K-D-F-I,2.4673652168172783E-6,405290.62871767615,F-A-B-M-G-K-H-L-J-C-E-D-I-F
332001,2.1737028460605277E-6,464267.40381325484,3.1619345951803325E-6,316262.0762378444,I-A-B-M-G-E-H-L-J-C-K-D-F-I,2.0678633836728393E-6,483590.9412080445,F-K-B-M-G-E-H-L-J-C-I-D-A-F
333001,2.6031882017761255E-6,387128.6314875688,3.1619345951803325E-6,316262.0762378444,I-A-B-M-G-E-H-L-J-C-K-D-F-I,2.470181865638919E-6,404828.49214883515,I-A-B-M-G-E-K-L-J-C-H-D-F-I
334001,2.7373001214690084E-6,365631.8455598279,3.1619345951803325E-6,316262.0762378444,I-A-B-M-G-E-H-L-J-C-K-D-F-I,2.1925821273570786E-6,456083.25796461373,F-A-B-M-G-E-H-L-J-I-C-K-D-F
335001,3.1619345951803325E-6,316262.07623784395,3.1619345951803325E-6,316262.0762378444,I-A-B-M-G-E-H-L-J-C-K-D-F-I,3.1619345951803325E-6,316262.0762378444,I-A-B-M-G-E-H-L-J-C-K-D-F-I
336001,2.84307087359108E-6,352081.68378459587,3.1619345951803325E-6,316262.0762378444,I-A-B-M-G-E-H-L-J-C-K-D-F-I,2.815343593452877E-6,355196.43226692284,A-I-B-M-G-E-H-L-J-C-K-D-F-A
337001,2.6771976925801825E-6,377442.8720843948,3.1619345951803325E-6,316262.0762378444,I-A-B-M-G-E-H-L-J-C-K-D-F-I,2.3917303972310523E-6,418107.3256240408,I-A-B-M-L-E-H-G-J-C-K-D-F-I
338001,3.1257627966786868E-6,319922.12151896197,3.1619345951803325E-6,316262.0762378444,I-A-B-M-G-E-H-L-J-C-K-D-F-I,3.1255810288470295E-6,319940.513706305,F-A-B-M-G-E-H-L-J-C-K-D-I-F
339001,2.942523374157168E-6,340034.1281335445,3.1619345951803325E-6,316262.0762378444,I-A-B-M-G-E-H-L-J-C-K-D-F-I,2.9149610029602256E-6,343057.762688582,F-B-A-M-G-E-H-L-J-C-K-D-I-F
340001,3.1619345951803325E-6,316262.07623784395,3.1619345951803325E-6,316262.0762378444,I-A-B-M-G-E-H-L-J-C-K-D-F-I,3.1619345951803325E-6,316262.0762378444,I-A-B-M-G-E-H-L-J-C-K-D-F-I
341001,2.096991429968198E-6,482672.89876092813,3.1619345951803325E-6,316262.0762378444,I-A-B-M-G-E-H-L-J-C-K-D-F-I,1.7439967500080665E-6,573395.5639512371,B-D-A-M-G-E-H-L-J-I-C-K-F-B
342001,1.8422582177974515E-6,556528.8367374971,3.1619345951803325E-6,316262.0762378444,I-A-B-M-G-E-H-L-J-C-K-D-F-I,1.6471648873793552E-6,607103.7621443007,F-A-B-M-E-H-D-L-J-K-C-I-G-F
343001,2.0177142764947755E-6,511375.68491653906,3.1619345951803325E-6,316262.0762378444,I-A-B-M-G-E-H-L-J-C-K-D-F-I,1.8009360010781075E-6,555266.8164784105,L-B-I-M-G-E-H-A-J-C-K-D-F-L
344001,2.8594070381629264E-6,350284.64711753465,3.1619345951803325E-6,316262.0762378444,I-A-B-M-G-E-H-L-J-C-K-D-F-I,2.8121917546977907E-6,355594.5281218791,I-A-B-M-G-E-H-L-J-C-K-F-D-I
345001,3.1619345951803325E-6,316262.07623784395,3.1619345951803325E-6,316262.0762378444,I-A-B-M-G-E-H-L-J-C-K-D-F-I,3.1619345951803325E-6,316262.0762378444,I-A-B-M-G-E-H-L-J-C-K-D-F-I
346001,2.6177663267452977E-6,385680.076977459,3.1619345951803325E-6,316262.0762378444,I-A-B-M-G-E-H-L-J-C-K-D-F-I,2.370871867